Recency,Frequency,Monetary,R_Quartile,F_Quartile,M_Quartile,Rfm_score,Customer_Type
,1,0.0,4,4,4,444,Powerful shoppers
5.0,122,2116780.0,1,1,1,111,Window shoppers
5.0,121,1998950.0,1,3,2,132,Occasional shoppers
1023.0,1,2600.0,4,4,4,444,Powerful shoppers
5.0,121,1962760.0,1,3,2,132,Occasional shoppers
5.0,122,1503880.0,1,1,3,113,Window shoppers
5.0,120,2117960.0,1,3,1,131,Window shoppers
5.0,121,1608920.0,1,3,2,132,Occasional shoppers
5.0,121,1493250.0,1,3,3,133,Occasional shoppers
5.0,120,1608580.0,1,3,2,132,Occasional shoppers
5.0,120,2121430.0,1,3,1,131,Window shoppers
5.0,120,2108290.0,1,3,1,131,Window shoppers
5.0,120,1436040.0,1,3,3,133,Occasional shoppers
5.0,121,1525580.0,1,3,3,133,Occasional shoppers
1020.0,1,50200.0,4,4,4,444,Powerful shoppers
5.0,120,1433700.0,1,3,3,133,Occasional shoppers
5.0,122,1545800.0,1,1,3,113,Window shoppers
1022.0,1,3360.0,4,4,4,444,Powerful shoppers
5.0,121,1577060.0,1,3,3,133,Occasional shoppers
5.0,121,1437120.0,1,3,3,133,Occasional shoppers
5.0,120,1392190.0,1,3,3,133,Occasional shoppers
1022.0,1,8250.0,4,4,4,444,Powerful shoppers
5.0,122,2101510.0,1,1,1,111,Window shoppers
5.0,121,2103240.0,1,3,1,131,Window shoppers
5.0,121,2056990.0,1,3,1,131,Window shoppers
5.0,121,2112750.0,1,3,1,131,Window shoppers
5.0,120,1968950.0,1,3,2,132,Occasional shoppers
5.0,121,2039410.0,1,3,1,131,Window shoppers
5.0,120,2030980.0,1,3,2,132,Occasional shoppers
5.0,121,1530050.0,1,3,3,133,Occasional shoppers
1017.0,1,10500.0,4,4,4,444,Powerful shoppers
5.0,120,1490600.0,1,3,3,133,Occasional shoppers
5.0,122,2288170.0,1,1,1,111,Window shoppers
5.0,120,1657680.0,1,3,2,132,Occasional shoppers
1015.0,1,10000.0,4,4,4,444,Powerful shoppers
5.0,120,2176800.0,1,3,1,131,Window shoppers
5.0,121,2134740.0,1,3,1,131,Window shoppers
5.0,121,1487690.0,1,3,3,133,Occasional shoppers
5.0,121,1583280.0,1,3,2,132,Occasional shoppers
5.0,122,1996640.0,1,1,2,112,Window shoppers
5.0,121,1982660.0,1,3,2,132,Occasional shoppers
5.0,121,1595980.0,1,3,2,132,Occasional shoppers
5.0,122,1649770.0,1,1,2,112,Window shoppers
5.0,122,2186580.0,1,1,1,111,Window shoppers
1017.0,1,6500.0,4,4,4,444,Powerful shoppers
1022.0,1,34000.0,4,4,4,444,Powerful shoppers
5.0,121,1497970.0,1,3,3,133,Occasional shoppers
5.0,122,1550870.0,1,1,3,113,Window shoppers
5.0,122,2022470.0,1,1,2,112,Window shoppers
1018.0,1,1600.0,4,4,4,444,Powerful shoppers
1022.0,1,7000.0,4,4,4,444,Powerful shoppers
1023.0,1,7500.0,4,4,4,444,Powerful shoppers
1015.0,1,2300.0,4,4,4,444,Powerful shoppers
5.0,121,1771910.0,1,3,2,132,Occasional shoppers
1023.0,1,3400.0,4,4,4,444,Powerful shoppers
5.0,122,2204420.0,1,1,1,111,Window shoppers
1016.0,1,25500.0,4,4,4,444,Powerful shoppers
